{
    "display_id": "I1091",
    "title": "Think Different",
    "description": {
        "format": "html",
        "value": "<p>\u201cThink Different\u201d\u66fe\u7ecf\u662f\u7f8e\u56fd\u82f9\u679c\u516c\u53f8\u7684\u5e7f\u544a\u53e3\u53f7\uff0c\u5c0f\u660e\u975e\u5e38\u559c\u6b22\u8fd9\u53e5\u8bdd\uff0c\u5e76\u4e14\u628a\u5b83\u5f53\u4f5c\u81ea\u5df1\u7684\u5ea7\u53f3\u94ed\u3002\u4e00\u5929\u5c0f\u7ea2\u60f3\u6d4b\u8bd5\u4e00\u4e0b\u5c0f\u660e\u5bf9\u8fd9\u53e5\u8bdd\u5230\u5e95\u6709\u591a\u559c\u6b22\uff0c\u4e8e\u662f\u5c0f\u7ea2\u5199\u4e86\u4e00\u4e2a\u5f88\u957f\u7684\u5b57\u7b26\u4e32\u7ed9\u5c0f\u660e\uff0c\u95ee\u4ed6\u8fd9\u4e2a\u5b57\u7b26\u4e32\u91cc\u9762\u6709\u51e0\u4e2a\u5b50\u4e32\u662f\u8fd9\u53e5\u8bdd\u3002</p><p>\u4e0d\u8fc7\u5c0f\u7ea2\u4e00\u5411\u559c\u6b22\u96be\u4e3a\u5c0f\u660e\uff0c\u6240\u4ee5\u8bbe\u7f6e\u4e86\u4ee5\u4e0b\u89c4\u5b9a\uff1a</p><p>\u7b26\u5408\u6761\u4ef6\u7684\u5b50\u4e32\u7684\u5f62\u5f0f\u4e3a\uff1athink+\u4e00\u4e2a\u7a7a\u683c+different\uff0c\u5176\u4e2d\u4e24\u4e2a\u5355\u8bcd\u4e4b\u95f4\u7684\u7a7a\u683c\u5fc5\u987b\u6709\uff0c\u5e76\u4e14\u6709\u4e14\u4ec5\u6709\u4e00\u4e2a\uff0c\u540c\u65f6\u4e24\u4e2a\u5355\u8bcd\u4e2d\u7684\u4efb\u4f55\u4e00\u4e2a\u5b57\u6bcd\u5927\u5c0f\u5199\u5747\u53ef\uff0c\u90fd\u7b26\u5408\u8981\u6c42\u3002</p><p>\u4f8b\u5982\uff0c\u201cThink Different\u201d\u3001\u201cthink different\u201d\u3001\u201cTHINK DIFFERENT\u201d\u90fd\u662f\u7b26\u5408\u8981\u6c42\u7684\u5b50\u4e32\u3002</p>"
    },
    "tags": [
        "\u8003\u7814\u7b97\u6cd5\u7ec3\u4e60\u8d5b"
    ],
    "input_description": {
        "format": "html",
        "value": "<p>\u8f93\u5165\u5305\u542b\u591a\u7ec4\u6d4b\u8bd5\u6570\u636e\u3002</p><p>\u6bcf\u7ec4\u8f93\u5165\u4e00\u4e2a\u5b57\u7b26\u4e32s\uff0c\u5b57\u7b26\u4e32\u957f\u5ea6\u4e0d\u8d85\u8fc7100\u3002</p>"
    },
    "output_description": {
        "format": "html",
        "value": "<p> </p><p>\u5bf9\u4e8e\u6bcf\u7ec4\u8f93\u5165\uff0c\u8f93\u51fa\u6709\u51e0\u4e2a\u7b26\u5408\u8981\u6c42\u7684\u5b50\u4e32\u3002</p>"
    },
    "test_case_score": null,
    "hint": {
        "format": "html",
        "value": ""
    },
    "time_limit": 1000,
    "memory_limit": 512,
    "samples": [
        {
            "input": "think different\nTHINKdifferENTandTHink diFFerent\nThink Different\ni Like think DIFFERENT you like think different",
            "output": "1\n1\n1\n2"
        }
    ],
    "template": {},
    "spj": null,
    "rule_type": "ACM",
    "source": "sources: \u5929\u52e4\u8003\u7814\u7b97\u6cd5\u7ec3\u4e60\u8d5b\u9898\u76ee-\u5929\u52e4\u8003\u7814\u7b97\u6cd5\u7ec3\u4e60\u8d5b\uff083\uff09",
    "answers": []
}