{
    "display_id": "N002",
    "title": "Run",
    "description": {
        "format": "html",
        "value": "<p>&quot;\u767d\u4e91&quot;\u6b63\u5728\u64cd\u573a\u4e0a\u953b\u70bc.</p><p><span style=\"color: rgb(51, 51, 51);\">&quot;\u767d\u4e91&quot;\u4e00\u79d2\u5185\u53ef\u4ee5\u9009\u62e9\u8d70$1$\u7c73\u6216\u8005\u8dd1$k$\u7c73.</span></p><p><span style=\"color: rgb(51, 51, 51);\">\u4f46\u662f\u56e0\u4e3a&quot;\u767d\u4e91&quot;\u5df2\u7ecf\u7d2f\u4e86, \u5b83\u4e0d\u80fd\u8fde\u7eed\u8dd1\u4e24\u79d2\u53ca\u4ee5\u4e0a.</span></p><p><span style=\"color: rgb(51, 51, 51);\">&quot;\u767d\u4e91&quot;\u5c06\u4f1a\u4ece\u8ddd\u79bb\u8dd1\u9053\u8d77\u70b9$L$\u7c73\u7684\u4f4d\u7f6e\u524d\u8fdb\u5230$R$\u7c73\u7684\u4f4d\u7f6e, \u5e0c\u671b\u4f60\u80fd\u544a\u8bc9\u5b83\u6709\u591a\u5c11\u79cd\u4e0d\u540c\u7684\u884c\u8fdb\u65b9\u5f0f\u53ef\u4ee5\u8fbe\u6210\u8fd9\u4e2a\u76ee\u6807.</span></p><p>\u5f53\u4e14\u4ec5\u5f53\u4ed6\u4eec\u79fb\u52a8\u7684\u7c73\u6570\u4e0d\u540c\uff0c\u6216\u8005\u82b1\u8d39\u7684\u65f6\u95f4\u4e0d\u540c\uff0c\u6216\u8005\u5728\u4e00\u79d2\u949f\u5185\uff0c\u5176\u4e2d\u4e00\u4e2a\u65b9\u6848\u8d70\uff0c\u53e6\u4e00\u4e2a\u65b9\u6848\u8dd1\u7684\u60c5\u51b5\u4e0b\u7b97\u4f5c\u662f\u4e0d\u540c\u7684\u884c\u8fdb\u65b9\u5f0f.</p><p>\u907f\u514d\u9898\u76ee\u6b67\u4e49, \u82f1\u6587\u539f\u6587\u5982\u4e0b:<code>Two ways are different if and only if they move different meters or spend different seconds or in one second, one of them walks and the other runs.</code></p>"
    },
    "tags": [
        "Problems"
    ],
    "input_description": {
        "format": "html",
        "value": "<p>\u7b2c\u4e00\u884c\u8f93\u5165\u4e24\u4e2a\u6574\u6570$Q$\u548c$k$, \u4ee3\u8868\u67e5\u8be2\u7684\u6b21\u6570\u4e0e&quot;\u767d\u4e91&quot;\u4e00\u6b21\u80fd\u8dd1\u591a\u5c11\u7c73. $<span style=\"color: rgb(51, 51, 51);\">(Q&lt;=100000, 2&lt;=k&lt;=100000)</span>$</p><p>\u4e4b\u540e\u6709$Q$\u884c\u8f93\u5165, \u4ee3\u8868$L$\u4e0e$R$.$(1&lt;=L&lt;=R&lt;=100000)$</p>"
    },
    "output_description": {
        "format": "html",
        "value": "<p>\u5bf9\u4e8e\u6bcf\u6b21\u67e5\u8be2\uff0c\u8f93\u51fa\u65b9\u6848\u6570\uff0c\u8be5\u65b9\u6848\u6570\u9700\u8981\u5bf9<code>1000000007</code>\u53d6\u6a21.</p>"
    },
    "test_case_score": null,
    "hint": {
        "format": "html",
        "value": ""
    },
    "time_limit": 1000,
    "memory_limit": 256,
    "samples": [
        {
            "input": "3 3\n3 3\n1 4\n1 5",
            "output": "2\n7\n11"
        }
    ],
    "template": {},
    "spj": null,
    "rule_type": "ACM",
    "source": "CCUT Online Judge 192.168.2.30",
    "answers": []
}